<?xml version="1.0" encoding="UTF-8" ?>
<!DOCTYPE mapper PUBLIC "-//mybatis.org//DTD Mapper 3.0//EN" "http://mybatis.org/dtd/mybatis-3-mapper.dtd" >
<mapper namespace="com.zj.dao.mapper.IdxInfoMapper" >
  <resultMap id="BaseResultMap" type="com.zj.dao.model.IdxInfo" >
    <!--
      WARNING - @mbggenerated
      This element is automatically generated by MyBatis Generator, do not modify.
    -->
    <id column="index_id" property="indexId" jdbcType="VARCHAR" />
    <result column="index_name" property="indexName" jdbcType="VARCHAR" />
    <result column="index_type" property="indexType" jdbcType="VARCHAR" />
    <result column="index_content" property="indexContent" jdbcType="VARCHAR" />
    <result column="index_function" property="indexFunction" jdbcType="VARCHAR" />
    <result column="value_type" property="valueType" jdbcType="VARCHAR" />
    <result column="value_unit" property="valueUnit" jdbcType="VARCHAR" />
    <result column="created_by" property="createdBy" jdbcType="VARCHAR" />
    <result column="created_at" property="createdAt" jdbcType="TIMESTAMP" />
    <result column="updated_by" property="updatedBy" jdbcType="VARCHAR" />
    <result column="updated_at" property="updatedAt" jdbcType="TIMESTAMP" />
  </resultMap>
  <sql id="Base_Column_List" >
    <!--
      WARNING - @mbggenerated
      This element is automatically generated by MyBatis Generator, do not modify.
    -->
    index_id, index_name, index_type, index_content, index_function, value_type, value_unit,
    created_by, created_at, updated_by, updated_at
  </sql>
  <select id="selectByPrimaryKey" resultMap="BaseResultMap" parameterType="java.lang.String" >
    <!--
      WARNING - @mbggenerated
      This element is automatically generated by MyBatis Generator, do not modify.
    -->
    select 
    <include refid="Base_Column_List" />
    from idx_info
    where index_id = #{indexId,jdbcType=VARCHAR}
  </select>
  <delete id="deleteByPrimaryKey" parameterType="java.lang.String" >
    <!--
      WARNING - @mbggenerated
      This element is automatically generated by MyBatis Generator, do not modify.
    -->
    delete from idx_info
    where index_id = #{indexId,jdbcType=VARCHAR}
  </delete>
  <insert id="insert" parameterType="com.zj.dao.model.IdxInfo" >
    <!--
      WARNING - @mbggenerated
      This element is automatically generated by MyBatis Generator, do not modify.
    -->
    insert into idx_info (index_id, index_name, index_type,
      index_content, index_function, value_type, 
      value_unit, created_by, created_at, 
      updated_by, updated_at)
    values (#{indexId,jdbcType=VARCHAR}, #{indexName,jdbcType=VARCHAR}, #{indexType,jdbcType=VARCHAR}, 
      #{indexContent,jdbcType=VARCHAR}, #{indexFunction,jdbcType=VARCHAR}, #{valueType,jdbcType=VARCHAR}, 
      #{valueUnit,jdbcType=VARCHAR}, #{createdBy,jdbcType=VARCHAR}, #{createdAt,jdbcType=TIMESTAMP}, 
      #{updatedBy,jdbcType=VARCHAR}, #{updatedAt,jdbcType=TIMESTAMP})
  </insert>
  <insert id="insertSelective" parameterType="com.zj.dao.model.IdxInfo" >
    <!--
      WARNING - @mbggenerated
      This element is automatically generated by MyBatis Generator, do not modify.
    -->
    insert into idx_info
    <trim prefix="(" suffix=")" suffixOverrides="," >
      <if test="indexId != null" >
        index_id,
      </if>
      <if test="indexName != null" >
        index_name,
      </if>
      <if test="indexType != null" >
        index_type,
      </if>
      <if test="indexContent != null" >
        index_content,
      </if>
      <if test="indexFunction != null" >
        index_function,
      </if>
      <if test="valueType != null" >
        value_type,
      </if>
      <if test="valueUnit != null" >
        value_unit,
      </if>
      <if test="createdBy != null" >
        created_by,
      </if>
      <if test="createdAt != null" >
        created_at,
      </if>
      <if test="updatedBy != null" >
        updated_by,
      </if>
      <if test="updatedAt != null" >
        updated_at,
      </if>
    </trim>
    <trim prefix="values (" suffix=")" suffixOverrides="," >
      <if test="indexId != null" >
        #{indexId,jdbcType=VARCHAR},
      </if>
      <if test="indexName != null" >
        #{indexName,jdbcType=VARCHAR},
      </if>
      <if test="indexType != null" >
        #{indexType,jdbcType=VARCHAR},
      </if>
      <if test="indexContent != null" >
        #{indexContent,jdbcType=VARCHAR},
      </if>
      <if test="indexFunction != null" >
        #{indexFunction,jdbcType=VARCHAR},
      </if>
      <if test="valueType != null" >
        #{valueType,jdbcType=VARCHAR},
      </if>
      <if test="valueUnit != null" >
        #{valueUnit,jdbcType=VARCHAR},
      </if>
      <if test="createdBy != null" >
        #{createdBy,jdbcType=VARCHAR},
      </if>
      <if test="createdAt != null" >
        #{createdAt,jdbcType=TIMESTAMP},
      </if>
      <if test="updatedBy != null" >
        #{updatedBy,jdbcType=VARCHAR},
      </if>
      <if test="updatedAt != null" >
        #{updatedAt,jdbcType=TIMESTAMP},
      </if>
    </trim>
  </insert>
  <update id="updateByPrimaryKeySelective" parameterType="com.zj.dao.model.IdxInfo" >
    <!--
      WARNING - @mbggenerated
      This element is automatically generated by MyBatis Generator, do not modify.
    -->
    update idx_info
    <set >
      <if test="indexName != null" >
        index_name = #{indexName,jdbcType=VARCHAR},
      </if>
      <if test="indexType != null" >
        index_type = #{indexType,jdbcType=VARCHAR},
      </if>
      <if test="indexContent != null" >
        index_content = #{indexContent,jdbcType=VARCHAR},
      </if>
      <if test="indexFunction != null" >
        index_function = #{indexFunction,jdbcType=VARCHAR},
      </if>
      <if test="valueType != null" >
        value_type = #{valueType,jdbcType=VARCHAR},
      </if>
      <if test="valueUnit != null" >
        value_unit = #{valueUnit,jdbcType=VARCHAR},
      </if>
      <if test="createdBy != null" >
        created_by = #{createdBy,jdbcType=VARCHAR},
      </if>
      <if test="createdAt != null" >
        created_at = #{createdAt,jdbcType=TIMESTAMP},
      </if>
      <if test="updatedBy != null" >
        updated_by = #{updatedBy,jdbcType=VARCHAR},
      </if>
      <if test="updatedAt != null" >
        updated_at = #{updatedAt,jdbcType=TIMESTAMP},
      </if>
    </set>
    where index_id = #{indexId,jdbcType=VARCHAR}
  </update>
  <update id="updateByPrimaryKey" parameterType="com.zj.dao.model.IdxInfo" >
    <!--
      WARNING - @mbggenerated
      This element is automatically generated by MyBatis Generator, do not modify.
    -->
    update idx_info
    set index_name = #{indexName,jdbcType=VARCHAR},
      index_type = #{indexType,jdbcType=VARCHAR},
      index_content = #{indexContent,jdbcType=VARCHAR},
      index_function = #{indexFunction,jdbcType=VARCHAR},
      value_type = #{valueType,jdbcType=VARCHAR},
      value_unit = #{valueUnit,jdbcType=VARCHAR},
      created_by = #{createdBy,jdbcType=VARCHAR},
      created_at = #{createdAt,jdbcType=TIMESTAMP},
      updated_by = #{updatedBy,jdbcType=VARCHAR},
      updated_at = #{updatedAt,jdbcType=TIMESTAMP}
    where index_Id = #{indexId,jdbcType=VARCHAR}
  </update>
</mapper>