<?xml version="1.0" encoding="UTF-8" ?>
<!DOCTYPE mapper PUBLIC "-//mybatis.org//DTD Mapper 3.0//EN" "http://mybatis.org/dtd/mybatis-3-mapper.dtd" >
<mapper namespace="com.zj.dao.mapper.IdxReportModelMapper" >
  <resultMap id="BaseResultMap" type="com.zj.dao.model.IdxReportModel" >
    <!--
      WARNING - @mbggenerated
      This element is automatically generated by MyBatis Generator, do not modify.
    -->
    <id column="index_id" property="indexId" jdbcType="VARCHAR" />
    <id column="item_id" property="itemId" jdbcType="INTEGER" />
    <id column="label" property="label" jdbcType="VARCHAR" />
    <id column="report_id" property="reportId" jdbcType="VARCHAR" />
    <result column="item_name" property="itemName" jdbcType="VARCHAR" />
  </resultMap>
  <sql id="Base_Column_List" >
    <!--
      WARNING - @mbggenerated
      This element is automatically generated by MyBatis Generator, do not modify.
    -->
    index_id, item_id, label, report_id, item_name
  </sql>
  <select id="selectByPrimaryKey" resultMap="BaseResultMap" parameterType="com.zj.dao.model.IdxReportModelKey" >
    <!--
      WARNING - @mbggenerated
      This element is automatically generated by MyBatis Generator, do not modify.
    -->
    select 
    <include refid="Base_Column_List" />
    from idx_report_model
    where index_id = #{indexId,jdbcType=VARCHAR}
      and item_id = #{itemId,jdbcType=INTEGER}
      and label = #{label,jdbcType=VARCHAR}
      and report_id = #{reportId,jdbcType=VARCHAR}
  </select>


  <select id="selectByReportId" resultMap="BaseResultMap" parameterType="java.lang.String" >
    <!--
      WARNING - @mbggenerated
      This element is automatically generated by MyBatis Generator, do not modify.
    -->
    select
    <include refid="Base_Column_List" />
    from idx_report_model
    where
    report_id = #{reportId,jdbcType=VARCHAR}
  </select>

  <delete id="deleteByPrimaryKey" parameterType="com.zj.dao.model.IdxReportModelKey" >
    <!--
      WARNING - @mbggenerated
      This element is automatically generated by MyBatis Generator, do not modify.
    -->
    delete from idx_report_model
    where index_id = #{indexId,jdbcType=VARCHAR}
      and item_id = #{itemId,jdbcType=INTEGER}
      and label = #{label,jdbcType=VARCHAR}
      and report_id = #{reportId,jdbcType=VARCHAR}
  </delete>
  <insert id="insert" parameterType="com.zj.dao.model.IdxReportModel" >
    <!--
      WARNING - @mbggenerated
      This element is automatically generated by MyBatis Generator, do not modify.
    -->
    insert into idx_report_model (index_id, item_id, label,
      report_id, item_name)
    values (#{indexId,jdbcType=VARCHAR}, #{itemId,jdbcType=INTEGER}, #{label,jdbcType=VARCHAR}, 
      #{reportId,jdbcType=VARCHAR}, #{itemName,jdbcType=VARCHAR})
  </insert>
  <insert id="insertSelective" parameterType="com.zj.dao.model.IdxReportModel" >
    <!--
      WARNING - @mbggenerated
      This element is automatically generated by MyBatis Generator, do not modify.
    -->
    insert into idx_report_model
    <trim prefix="(" suffix=")" suffixOverrides="," >
      <if test="indexId != null" >
        index_id,
      </if>
      <if test="itemId != null" >
        item_id,
      </if>
      <if test="label != null" >
        label,
      </if>
      <if test="reportId != null" >
        report_id,
      </if>
      <if test="itemName != null" >
        item_name,
      </if>
    </trim>
    <trim prefix="values (" suffix=")" suffixOverrides="," >
      <if test="indexId != null" >
        #{indexId,jdbcType=VARCHAR},
      </if>
      <if test="itemId != null" >
        #{itemId,jdbcType=INTEGER},
      </if>
      <if test="label != null" >
        #{label,jdbcType=VARCHAR},
      </if>
      <if test="reportId != null" >
        #{reportId,jdbcType=VARCHAR},
      </if>
      <if test="itemName != null" >
        #{itemName,jdbcType=VARCHAR},
      </if>
    </trim>
  </insert>
  <update id="updateByPrimaryKeySelective" parameterType="com.zj.dao.model.IdxReportModel" >
    <!--
      WARNING - @mbggenerated
      This element is automatically generated by MyBatis Generator, do not modify.
    -->
    update idx_report_model
    <set >
      <if test="itemName != null" >
        item_name = #{itemName,jdbcType=VARCHAR},
      </if>
    </set>
    where index_id = #{indexId,jdbcType=VARCHAR}
      and item_id = #{itemId,jdbcType=INTEGER}
      and label = #{label,jdbcType=VARCHAR}
      and report_id = #{reportId,jdbcType=VARCHAR}
  </update>
  <update id="updateByPrimaryKey" parameterType="com.zj.dao.model.IdxReportModel" >
    <!--
      WARNING - @mbggenerated
      This element is automatically generated by MyBatis Generator, do not modify.
    -->
    update idx_report_model
    set item_name = #{itemName,jdbcType=VARCHAR}
    where index_id = #{indexId,jdbcType=VARCHAR}
      and item_id = #{itemId,jdbcType=INTEGER}
      and label = #{label,jdbcType=VARCHAR}
      and report_id = #{reportId,jdbcType=VARCHAR}
  </update>
</mapper>