<?xml version="1.0" encoding="UTF-8" ?>
<!DOCTYPE mapper PUBLIC "-//mybatis.org//DTD Mapper 3.0//EN" "http://mybatis.org/dtd/mybatis-3-mapper.dtd" >
<mapper namespace="com.zj.dao.mapper.IdxValueManualMapper" >
  <resultMap id="BaseResultMap" type="com.zj.dao.model.IdxValueManual" >
    <!--
      WARNING - @mbggenerated
      This element is automatically generated by MyBatis Generator, do not modify.
    -->
    <id column="id" property="id" jdbcType="VARCHAR" />
    <result column="created_date" property="createdDate" jdbcType="TIMESTAMP" />
    <result column="index_id" property="indexId" jdbcType="VARCHAR" />
    <result column="label" property="label" jdbcType="VARCHAR" />
    <result column="org_code" property="orgCode" jdbcType="VARCHAR" />
    <result column="product_code" property="productCode" jdbcType="VARCHAR" />
    <result column="sub_product_code" property="subProductCode" jdbcType="VARCHAR" />
    <result column="reg_channel" property="regChannel" jdbcType="VARCHAR" />
    <result column="sub_channel" property="subChannel" jdbcType="VARCHAR" />
    <result column="value" property="value" jdbcType="DECIMAL" />
    <result column="created_at" property="createdAt" jdbcType="TIMESTAMP" />
    <result column="created_by" property="createdBy" jdbcType="VARCHAR" />
    <result column="updated_at" property="updatedAt" jdbcType="TIMESTAMP" />
    <result column="updated_by" property="updatedBy" jdbcType="VARCHAR" />
  </resultMap>
  <sql id="Base_Column_List" >
    <!--
      WARNING - @mbggenerated
      This element is automatically generated by MyBatis Generator, do not modify.
    -->
    id, created_date, index_id, label, org_code, product_code, sub_product_code, reg_channel,
    sub_channel, value, created_at, created_by, updated_at, updated_by
  </sql>
  <select id="selectByPrimaryKey" resultMap="BaseResultMap" parameterType="java.lang.String" >
    <!--
      WARNING - @mbggenerated
      This element is automatically generated by MyBatis Generator, do not modify.
    -->
    select 
    <include refid="Base_Column_List" />
    from idx_value_manual
    where id = #{id,jdbcType=VARCHAR}
  </select>


  <select id="selectByCondition" resultMap="BaseResultMap" parameterType="map" >
    select
    <include refid="Base_Column_List" />
    from idx_value_manual
    <where>
      <if test="startDate != null and startDate != ''">
        and created_date <![CDATA[ >= ]]> CAST( #{startDate,jdbcType=TIMESTAMP} AS DATE )
      </if>
      <if test="endDate != null and endDate != ''">
        AND created_date <![CDATA[ <= ]]> CAST( #{endDate,jdbcType=TIMESTAMP} AS DATE )
      </if>
      <if test="createDate != null and createDate != ''">
        AND created_date = CAST( #{createDate,jdbcType=TIMESTAMP} AS DATE )
      </if>
      <if test="indexId != null and indexId != ''">
        AND index_id = #{indexId,jdbcType=VARCHAR}
      </if>
      <if test="indexIds != null and indexIds.size>0">
        AND index_id IN
        <foreach collection="indexIds"  item="item" separator="," open="(" close=")">
          #{item,jdbcType=VARCHAR}
        </foreach>
      </if>
      <if test="label != null and label != ''">
        AND label = #{label,jdbcType=VARCHAR}
      </if>
      <if test="orgCode != null and orgCode != ''">
        AND org_code = #{orgCode,jdbcType=VARCHAR}
      </if>
      <if test="productCode !=null and productCode!=''">
        and product_code=#{productCode,jdbcType=VARCHAR}
      </if>
      <if test="subProductCode !=null and subProductCode!=''">
        and sub_product_code=#{subProductCode,jdbcType=VARCHAR}
      </if>
      <if test="channels != null and channels.size>0">
        AND
        <foreach collection="channels" index="key"  item="ent" separator="or" open="(" close=")">
          reg_channel=#{key,jdbcType=VARCHAR}
          <if test="ent != null and ent.size>0">
            AND sub_channel IN
            <foreach collection="ent"  item="item" separator="," open="(" close=")">
              #{item,jdbcType=VARCHAR}
            </foreach>
          </if>
        </foreach>
      </if>
    </where>
    order by created_date desc
  </select>

  <delete id="deleteByPrimaryKey" parameterType="java.lang.String" >
    <!--
      WARNING - @mbggenerated
      This element is automatically generated by MyBatis Generator, do not modify.
    -->
    delete from idx_value_manual
    where id = #{id,jdbcType=VARCHAR}
  </delete>
  <insert id="insert" parameterType="com.zj.dao.model.IdxValueManual" >
    <!--
      WARNING - @mbggenerated
      This element is automatically generated by MyBatis Generator, do not modify.
    -->
    insert into idx_value_manual (id, created_date, index_id,
      label, org_code, product_code, 
      sub_product_code, reg_channel, sub_channel, 
      value, created_at, created_by, 
      updated_at, updated_by)
    values (#{id,jdbcType=VARCHAR}, #{createdDate,jdbcType=TIMESTAMP}, #{indexId,jdbcType=VARCHAR}, 
      #{label,jdbcType=VARCHAR}, #{orgCode,jdbcType=VARCHAR}, #{productCode,jdbcType=VARCHAR}, 
      #{subProductCode,jdbcType=VARCHAR}, #{regChannel,jdbcType=VARCHAR}, #{subChannel,jdbcType=VARCHAR}, 
      #{value,jdbcType=DECIMAL}, #{createdAt,jdbcType=TIMESTAMP}, #{createdBy,jdbcType=VARCHAR}, 
      #{updatedAt,jdbcType=TIMESTAMP}, #{updatedBy,jdbcType=VARCHAR})
  </insert>
  <insert id="insertSelective" parameterType="com.zj.dao.model.IdxValueManual" >
    <!--
      WARNING - @mbggenerated
      This element is automatically generated by MyBatis Generator, do not modify.
    -->
    insert into idx_value_manual
    <trim prefix="(" suffix=")" suffixOverrides="," >
      <if test="id != null" >
        id,
      </if>
      <if test="createdDate != null" >
        created_date,
      </if>
      <if test="indexId != null" >
        index_Id,
      </if>
      <if test="label != null" >
        label,
      </if>
      <if test="orgCode != null" >
        org_code,
      </if>
      <if test="productCode != null" >
        product_code,
      </if>
      <if test="subProductCode != null" >
        sub_product_code,
      </if>
      <if test="regChannel != null" >
        reg_channel,
      </if>
      <if test="subChannel != null" >
        sub_channel,
      </if>
      <if test="value != null" >
        value,
      </if>
      <if test="createdAt != null" >
        created_at,
      </if>
      <if test="createdBy != null" >
        created_by,
      </if>
      <if test="updatedAt != null" >
        updated_at,
      </if>
      <if test="updatedBy != null" >
        updated_by,
      </if>
    </trim>
    <trim prefix="values (" suffix=")" suffixOverrides="," >
      <if test="id != null" >
        #{id,jdbcType=VARCHAR},
      </if>
      <if test="createdDate != null" >
        #{createdDate,jdbcType=TIMESTAMP},
      </if>
      <if test="indexId != null" >
        #{indexId,jdbcType=VARCHAR},
      </if>
      <if test="label != null" >
        #{label,jdbcType=VARCHAR},
      </if>
      <if test="orgCode != null" >
        #{orgCode,jdbcType=VARCHAR},
      </if>
      <if test="productCode != null" >
        #{productCode,jdbcType=VARCHAR},
      </if>
      <if test="subProductCode != null" >
        #{subProductCode,jdbcType=VARCHAR},
      </if>
      <if test="regChannel != null" >
        #{regChannel,jdbcType=VARCHAR},
      </if>
      <if test="subChannel != null" >
        #{subChannel,jdbcType=VARCHAR},
      </if>
      <if test="value != null" >
        #{value,jdbcType=DECIMAL},
      </if>
      <if test="createdAt != null" >
        #{createdAt,jdbcType=TIMESTAMP},
      </if>
      <if test="createdBy != null" >
        #{createdBy,jdbcType=VARCHAR},
      </if>
      <if test="updatedAt != null" >
        #{updatedAt,jdbcType=TIMESTAMP},
      </if>
      <if test="updatedBy != null" >
        #{updatedBy,jdbcType=VARCHAR},
      </if>
    </trim>
  </insert>
  <update id="updateByPrimaryKeySelective" parameterType="com.zj.dao.model.IdxValueManual" >
    <!--
      WARNING - @mbggenerated
      This element is automatically generated by MyBatis Generator, do not modify.
    -->
    update idx_value_manual
    <set >
      <if test="createdDate != null" >
        created_date = #{createdDate,jdbcType=TIMESTAMP},
      </if>
      <if test="indexId != null" >
        index_id = #{indexId,jdbcType=VARCHAR},
      </if>
      <if test="label != null" >
        label = #{label,jdbcType=VARCHAR},
      </if>
      <if test="orgCode != null" >
        org_code = #{orgCode,jdbcType=VARCHAR},
      </if>
      <if test="productCode != null" >
        product_code = #{productCode,jdbcType=VARCHAR},
      </if>
      <if test="subProductCode != null" >
        sub_product_code = #{subProductCode,jdbcType=VARCHAR},
      </if>
      <if test="regChannel != null" >
        reg_channel = #{regChannel,jdbcType=VARCHAR},
      </if>
      <if test="subChannel != null" >
        sub_channel = #{subChannel,jdbcType=VARCHAR},
      </if>
      <if test="value != null" >
        value = #{value,jdbcType=DECIMAL},
      </if>
      <if test="createdAt != null" >
        created_at = #{createdAt,jdbcType=TIMESTAMP},
      </if>
      <if test="createdBy != null" >
        created_by = #{createdBy,jdbcType=VARCHAR},
      </if>
      <if test="updatedAt != null" >
        updated_at = #{updatedAt,jdbcType=TIMESTAMP},
      </if>
      <if test="updatedBy != null" >
        updated_by = #{updatedBy,jdbcType=VARCHAR},
      </if>
    </set>
    where id = #{id,jdbcType=VARCHAR}
  </update>
  <update id="updateByPrimaryKey" parameterType="com.zj.dao.model.IdxValueManual" >
    <!--
      WARNING - @mbggenerated
      This element is automatically generated by MyBatis Generator, do not modify.
    -->
    update idx_value_manual
    set created_date = #{createdDate,jdbcType=TIMESTAMP},
      index_id = #{indexId,jdbcType=VARCHAR},
      label = #{label,jdbcType=VARCHAR},
      org_code = #{orgCode,jdbcType=VARCHAR},
      product_code = #{productCode,jdbcType=VARCHAR},
      sub_product_code = #{subProductCode,jdbcType=VARCHAR},
      reg_channel = #{regChannel,jdbcType=VARCHAR},
      sub_channel = #{subChannel,jdbcType=VARCHAR},
      value = #{value,jdbcType=DECIMAL},
      created_at = #{createdAt,jdbcType=TIMESTAMP},
      created_by = #{createdBy,jdbcType=VARCHAR},
      updated_at = #{updatedAt,jdbcType=TIMESTAMP},
      updated_by = #{updatedBy,jdbcType=VARCHAR}
    where id = #{id,jdbcType=VARCHAR}
  </update>
</mapper>