<?xml version="1.0" encoding="UTF-8"?>
<!DOCTYPE generatorConfiguration
        PUBLIC "-//mybatis.org//DTD MyBatis Generator Configuration 1.0//EN"
        "http://mybatis.org/dtd/mybatis-generator-config_1_0.dtd">

<generatorConfiguration>
    <classPathEntry
            location="C:/Users/zhoujun/.m2/repository/mysql/mysql-connector-java/5.1.34/mysql-connector-java-5.1.34.jar"/>

    <context id="DB2Tables" targetRuntime="MyBatis3">
        <commentGenerator>
            <property name="suppressDate" value="true"/>
            <property name="suppressAllComments" value="true"/>
        </commentGenerator>

        <jdbcConnection driverClass="com.mysql.jdbc.Driver"
                        connectionURL="jdbc:mysql://localhost:3306/credit_bi" userId="root"
                        password="123456">
        </jdbcConnection>
        <javaTypeResolver>
            <property name="forceBigDecimals" value="false"/>
        </javaTypeResolver>

        <javaModelGenerator targetPackage="com.zj.dao.model"
                            targetProject="./src/main/java">
            <property name="enableSubPackages" value="true"/>
            <property name="trimStrings" value="true"/>
        </javaModelGenerator>

        <sqlMapGenerator targetPackage="."
                         targetProject="./src/main/resources/mapper">
            <property name="enableSubPackages" value="true"/>
        </sqlMapGenerator>

        <javaClientGenerator type="XMLMAPPER"
                             targetPackage="com.zj.dao.mapper" targetProject="./src/main/java">
            <property name="enableSubPackages" value="true"/>
        </javaClientGenerator>
        <!--<table tableName="idx_info" domainObjectName="IdxInfo"-->
               <!--enableCountByExample="false"-->
               <!--enableUpdateByExample="false" enableDeleteByExample="false"-->
               <!--enableSelectByExample="false" selectByExampleQueryId="true"/>-->
        <!--<table tableName="idx_report_model" domainObjectName="IdxReportModel"-->
               <!--enableCountByExample="false"-->
               <!--enableUpdateByExample="false" enableDeleteByExample="false"-->
               <!--enableSelectByExample="false" selectByExampleQueryId="true"/>-->
        <table tableName="idx_value_manual" domainObjectName="IdxValueManual"
               enableCountByExample="false"
               enableUpdateByExample="false" enableDeleteByExample="false"
               enableSelectByExample="false" selectByExampleQueryId="true"/>
        <!--<table tableName="credit_device_android" domainObjectName="BICreditDeviceAndroidDO"-->
               <!--enableCountByExample="false"-->
               <!--enableUpdateByExample="false" enableDeleteByExample="false"-->
               <!--enableSelectByExample="false" selectByExampleQueryId="true"/>-->

    </context>
</generatorConfiguration>  